{
	"format_version": "1.8.0",
	"animations": {
		"animation.awakener.meteor_charge": {
			"animation_length": 6,
			"bones": {
				"body": {
					"rotation": {
						"0.0": {
							"vector": [0, 0, 0]
						},
						"0.75": {
							"vector": [0, 0, 20]
						},
						"4.5": {
							"vector": [0, 0, 20]
						},
						"4.8333": {
							"vector": [27.5, 0, 20]
						},
						"6.0": {
							"vector": [0, 0, 0],
							"easing": "easeInBack"
						}
					},
					"position": {
						"0.0": {
							"vector": [0, 6, 0]
						},
						"1.5": {
							"vector": [0, 10, 0]
						},
						"3.0": {
							"vector": [0, 6, 0]
						},
						"4.5": {
							"vector": [0, 10, 0]
						},
						"4.8333": {
							"vector": [0, 10, 14]
						},
						"6.0": {
							"vector": [0, 6, 0],
							"easing": "easeInBack"
						}
					}
				},
				"rightArm": {
					"rotation": {
						"0.0": {
							"vector": [0, -17.5, 35]
						},
						"0.75": {
							"vector": [-199.61412, 75.55788, -42.78655]
						},
						"1.5": {
							"vector": [-231.11764, 68.02156, -75.79483]
						},
						"2.25": {
							"vector": [-199.61412, 75.55788, -42.78655]
						},
						"3.0": {
							"vector": [-231.11764, 68.02156, -75.79483]
						},
						"3.75": {
							"vector": [-199.61412, 75.55788, -42.78655]
						},
						"4.5": {
							"vector": [-231.11764, 68.02156, -75.79483]
						},
						"4.625": {
							"vector": [-251.11109, 43.47383, -99.3364]
						},
						"4.8333": {
							"vector": [-105.60245, -29.13519, 75.159]
						},
						"6.0": {
							"vector": [0, -17.5, 35],
							"easing": "easeInBack"
						}
					},
					"position": {
						"0.0": {
							"vector": [-1, 0, 0]
						},
						"0.75": {
							"vector": [-5, 2, 0]
						},
						"4.5": {
							"vector": [-5, 2, 0]
						},
						"4.8333": {
							"vector": [2, -4, -6]
						},
						"6.0": {
							"vector": [-1, 0, 0],
							"easing": "easeInBack"
						}
					}
				},
				"leftArm": {
					"rotation": {
						"0.0": {
							"vector": [0, 17.5, -32.5]
						},
						"1.2083": {
							"vector": [24.13469, 13.80192, -71.31893]
						},
						"4.5": {
							"vector": [24.13469, 13.80192, -71.31893]
						},
						"4.8333": {
							"vector": [55.4866, -26.96471, -120.13697]
						},
						"6.0": {
							"vector": [0, 17.5, -32.5],
							"easing": "easeInBack"
						}
					},
					"position": {
						"0.0": {
							"vector": [2, 0, 0]
						},
						"4.8333": {
							"vector": [2, -3, 2]
						},
						"6.0": {
							"vector": [2, 0, 0],
							"easing": "easeInBack"
						}
					}
				},
				"leftLeg": {
					"rotation": {
						"0.0": {
							"vector": [15.15601, -2.5171, 9.66349]
						},
						"0.75": {
							"vector": [13.32081, 7.71529, -29.09931]
						},
						"4.5": {
							"vector": [13.32081, 7.71529, -29.09931]
						},
						"4.8333": {
							"vector": [-54.17919, 7.71529, -29.09931]
						},
						"6.0": {
							"vector": [15.15601, -2.5171, 9.66349],
							"easing": "easeInBack"
						}
					},
					"position": {
						"0.0": {
							"vector": [1, 1, -1]
						},
						"6.0": {
							"vector": [1, 1, -1],
							"easing": "easeInBack"
						}
					}
				},
				"rightLeg": {
					"rotation": {
						"0.0": {
							"vector": [9.96271, 0.86717, -4.92442]
						},
						"0.75": {
							"vector": [9.40804, 3.40487, -19.71975]
						},
						"4.5": {
							"vector": [9.40804, 3.40487, -19.71975]
						},
						"4.8333": {
							"vector": [-48.09196, 3.40487, -19.71975]
						},
						"6.0": {
							"vector": [9.96271, 0.86717, -4.92442],
							"easing": "easeInBack"
						}
					},
					"position": {
						"0.0": {
							"vector": [-1, 1, -3]
						},
						"6.0": {
							"vector": [-1, 1, -3],
							"easing": "easeInBack"
						}
					}
				},
				"head": {
					"rotation": {
						"0.0": {
							"vector": [7.5, 0, 0]
						},
						"1.2083": {
							"vector": [-27.54941, 2.72773, -21.40297]
						},
						"4.5": {
							"vector": [-27.54941, 2.72773, -21.40297]
						},
						"4.8333": {
							"vector": [-17.54941, 2.72773, -21.40297]
						},
						"6.0": {
							"vector": [7.5, 0, 0],
							"easing": "easeInBack"
						}
					}
				}
			}
		},
		"animation.awakener.idle": {
			"loop": true,
			"animation_length": 2,
			"bones": {
				"body": {
					"position": {
						"0.0": {
							"vector": [0, 6, 0]
						},
						"1.0": {
							"vector": [0, 10, 0],
							"easing": "easeInOutSine"
						},
						"2.0": {
							"vector": [0, 6, 0],
							"easing": "easeInOutSine"
						}
					}
				},
				"rightArm": {
					"rotation": {
						"0.0": {
							"vector": [0, -17.5, 35]
						},
						"1.0": {
							"vector": [-2.35666, -17.34551, 42.85952],
							"easing": "easeInOutSine"
						},
						"2.0": {
							"vector": [0, -17.5, 35],
							"easing": "easeInOutSine"
						}
					},
					"position": {
						"0.0": {
							"vector": [-1, 0, 0]
						},
						"1.0": {
							"vector": [-1, 0, 0],
							"easing": "easeInOutSine"
						},
						"2.0": {
							"vector": [-1, 0, 0],
							"easing": "easeInOutSine"
						}
					}
				},
				"leftArm": {
					"rotation": {
						"0.0": {
							"vector": [0, 17.5, -32.5]
						},
						"1.0": {
							"vector": [-2.35666, 17.34551, -40.35952],
							"easing": "easeInOutSine"
						},
						"2.0": {
							"vector": [0, 17.5, -32.5],
							"easing": "easeInOutSine"
						}
					},
					"position": {
						"0.0": {
							"vector": [2, 0, 0]
						},
						"1.0": {
							"vector": [2, 0, 0],
							"easing": "easeInOutSine"
						},
						"2.0": {
							"vector": [2, 0, 0],
							"easing": "easeInOutSine"
						}
					}
				},
				"leftLeg": {
					"rotation": {
						"0.0": {
							"vector": [15.15601, -2.5171, 9.66349]
						},
						"1.0": {
							"vector": [7.65601, -2.5171, 9.66349],
							"easing": "easeInOutSine"
						},
						"2.0": {
							"vector": [15.15601, -2.5171, 9.66349],
							"easing": "easeInOutSine"
						}
					},
					"position": {
						"0.0": {
							"vector": [1, 1, -1]
						},
						"1.0": {
							"vector": [1, 1, -1],
							"easing": "easeInOutSine"
						},
						"2.0": {
							"vector": [1, 1, -1],
							"easing": "easeInOutSine"
						}
					}
				},
				"rightLeg": {
					"rotation": {
						"0.0": {
							"vector": [9.96271, 0.86717, -4.92442]
						},
						"1.0": {
							"vector": [4.96271, 0.86717, -4.92442],
							"easing": "easeInOutSine"
						},
						"2.0": {
							"vector": [9.96271, 0.86717, -4.92442],
							"easing": "easeInOutSine"
						}
					},
					"position": {
						"0.0": {
							"vector": [-1, 1, -3]
						},
						"1.0": {
							"vector": [-1, 1, -3],
							"easing": "easeInOutSine"
						},
						"2.0": {
							"vector": [-1, 1, -3],
							"easing": "easeInOutSine"
						}
					}
				},
				"head": {
					"rotation": {
						"0.0": {
							"vector": [7.5, 0, 0]
						},
						"1.0": {
							"vector": [7.5, 0, 0],
							"easing": "easeInOutSine"
						},
						"2.0": {
							"vector": [7.5, 0, 0],
							"easing": "easeInOutSine"
						}
					}
				}
			}
		},
		"animation.awakener.beam_1": {
			"loop": true,
			"animation_length": 1.5,
			"bones": {
				"body": {
					"rotation": {
						"0.0": {
							"vector": [0, 0, 0]
						},
						"0.25": {
							"vector": [0, -32.5, 0]
						},
						"0.6667": {
							"vector": [-12.5, -32.5, 0],
							"easing": "easeInBack"
						},
						"1.5": {
							"vector": [0, 0, 0]
						}
					},
					"position": {
						"0.0": {
							"vector": [0, 6, 0]
						},
						"0.4167": {
							"vector": [0, 6, -3]
						},
						"1.0": {
							"vector": [0, 6, 7],
							"easing": "easeOutBack"
						},
						"1.5": {
							"vector": [0, 6, 0]
						}
					}
				},
				"rightArm": {
					"rotation": {
						"0.0": {
							"vector": [0, -17.5, 35]
						},
						"1.5": {
							"vector": [0, -17.5, 35]
						}
					},
					"position": {
						"0.0": {
							"vector": [-1, 0, 0]
						},